element,type,author
"Gain clarity on your loans, investments, and financial affairs",headline,Jens
"Clarify your loans, investments, and financial affairs...",headline,Jens
"Bring Precision to Your Loans, Investments, and Financial Affairs",headline,Gemini
"Get your financials in order",headline,Jens
"Gain control of your loans, mortgages, stocks, and other financials with our calculators",headline,Jens
"Lost control of your finances?",headline,Jens
"Gain control of your finances with our FREE calculators. Save effort, money and sleep peacefully",headline,Jens
"Stop guessing. Gain total control of your money with our free calculators and finally sleep peacefully",headline,Gemini
"Stop wasting time and money",headline,Jens
"Remove the guesswork from your money with our free financial calculators"